{
    "keys": [
        "1"
    ],
    "values": [
        {
            "posts": [
                {
                    "type": "TextBox",
                    "content": "zzzzzz",
                    "imageBase64": "",
                    "position": {
                        "x": 1223.3548583984375,
                        "y": 568.3671264648438,
                        "z": -2.4000000953674318
                    },
                    "scale": {
                        "x": 0.3399999737739563,
                        "y": 0.3399999737739563,
                        "z": 0.3399999737739563
                    }
                },
                {
                    "type": "ImageBox",
                    "content": "",
                    "imageBase64": "",
                    "position": {
                        "x": 596.61328125,
                        "y": 487.10125732421877,
                        "z": 0.0
                    },
                    "scale": {
                        "x": 1.499999761581421,
                        "y": 1.499999761581421,
                        "z": 1.499999761581421
                    }
                }
            ]
        }
    ]
}